id,titulo,imagen,categoria_id,categoria_nombre,subcategoria_id,subcategoria_nombre,producto_descripcion,precio
KP0107623,Capilla Sixtina 5000 Piezas,https://kasperle.com/pub/media/catalog/product/cache/68f04983fc2a2eb1e06618249c3a9918/k/p/kp0107623.jpg,ROMPECABEZAS_RAVENSBURGER,ROMPECABEZAS RAVENSBURGER,ROMPECABEZAS_5000_ PIEZAS,ROMPECABEZAS 5000 PIEZAS,,725
KP0011728,Catedral De San Pedro Roma 3000 Piezas,https://kasperle.com/pub/media/catalog/product/cache/68f04983fc2a2eb1e06618249c3a9918/k/p/kp0011728_1.jpg,ROMPECABEZAS_RAVENSBURGER,ROMPECABEZAS RAVENSBURGER,ROMPECABEZAS_3000_ PIEZAS,ROMPECABEZAS 3000 PIEZAS,,374
KP0116749,Estuche Para Enrrollar Rompecabezas 1000 - 3000 Piezas,https://http2.mlstatic.com/D_NQ_NP_2X_609022-CBT79182229163_092024-F.webp,ROMPECABEZAS_RAVENSBURGER,ROMPECABEZAS RAVENSBURGER,ACCESORIOS,ACCESORIOS,,349
KP0129474,Ciudad Colonial En Guanajuato México 1500 piezas,https://kasperle.com/pub/media/catalog/product/cache/68f04983fc2a2eb1e06618249c3a9918/k/p/kp0129474.png,ROMPECABEZAS_RAVENSBURGER,ROMPECABEZAS RAVENSBURGER,ROMPECABEZAS_2000_ PIEZAS,ROMPECABEZAS 2000 PIEZAS,,329
KP0129421,Estudio De Color De Kandinsky 1500 Piezas,https://kasperle.com/pub/media/catalog/product/cache/68f04983fc2a2eb1e06618249c3a9918/k/p/kp0129421.png,ROMPECABEZAS_RAVENSBURGER,ROMPECABEZAS RAVENSBURGER,ROMPECABEZAS_1500_ PIEZAS,ROMPECABEZAS 1500 PIEZAS,,249
KP0129420,El Beso De Gustav Klimt 1000 Piezas,https://kasperle.com/pub/media/catalog/product/cache/68f04983fc2a2eb1e06618249c3a9918/k/p/kp0129420.png,ROMPECABEZAS_RAVENSBURGER,ROMPECABEZAS RAVENSBURGER,ROMPECABEZAS_1000_ PIEZAS,ROMPECABEZAS 1000 PIEZAS,,249
KP0129418,Van Gogh: Jarrón Con Girasoles 1500 Piezas,https://kasperle.com/pub/media/catalog/product/cache/68f04983fc2a2eb1e06618249c3a9918/k/p/kp0129418.png,ROMPECABEZAS_RAVENSBURGER,ROMPECABEZAS RAVENSBURGER,ROMPECABEZAS_1500_ PIEZAS,ROMPECABEZAS 1500 PIEZAS,,249
KP0129462,Castillo De Neuschwanstein En Invierno 1500 Piezas,https://kasperle.com/pub/media/catalog/product/cache/68f04983fc2a2eb1e06618249c3a9918/k/p/kp0129462.png,ROMPECABEZAS_RAVENSBURGER,ROMPECABEZAS RAVENSBURGER,ROMPECABEZAS_1500_ PIEZAS,ROMPECABEZAS 1500 PIEZAS,,249
KP0129435,República Checa: Český Krumlov 1000 Piezas,https://kasperle.com/pub/media/catalog/product/cache/68f04983fc2a2eb1e06618249c3a9918/k/p/kp0129435.png,ROMPECABEZAS_RAVENSBURGER,ROMPECABEZAS RAVENSBURGER,ROMPECABEZAS_1000_ PIEZAS,ROMPECABEZAS 1000 PIEZAS,,199
KP0129497,Bosque De Abedules 1000 Piezas,https://kasperle.com/pub/media/catalog/product/cache/68f04983fc2a2eb1e06618249c3a9918/k/p/kp0129497.png,ROMPECABEZAS_RAVENSBURGER,ROMPECABEZAS RAVENSBURGER,ROMPECABEZAS_1000_ PIEZAS,ROMPECABEZAS 1000 PIEZAS,,199
KP0129496,Parque Yosemite 1000 Piezas,https://kasperle.com/pub/media/catalog/product/cache/68f04983fc2a2eb1e06618249c3a9918/k/p/kp0129496.png,ROMPECABEZAS_RAVENSBURGER,ROMPECABEZAS RAVENSBURGER,ROMPECABEZAS_1000_ PIEZAS,ROMPECABEZAS 1000 PIEZAS,,199
KP0129495,Atardecer En Las Montañas Rocosas 1000 Piezas,https://kasperle.com/pub/media/catalog/product/cache/68f04983fc2a2eb1e06618249c3a9918/k/p/kp0129495.png,ROMPECABEZAS_RAVENSBURGER,ROMPECABEZAS RAVENSBURGER,ROMPECABEZAS_1000_ PIEZAS,ROMPECABEZAS 1000 PIEZAS,,199
KP0129494,Atmósfera Pintoresca En El Valle 1000 Piezas,https://kasperle.com/pub/media/catalog/product/cache/68f04983fc2a2eb1e06618249c3a9918/k/p/kp0129494.png,ROMPECABEZAS_RAVENSBURGER,ROMPECABEZAS RAVENSBURGER,ROMPECABEZAS_1000_ PIEZAS,ROMPECABEZAS 1000 PIEZAS,,199
KP0129493,Bajo Las Palmas 1000 Piezas,https://kasperle.com/pub/media/catalog/product/cache/68f04983fc2a2eb1e06618249c3a9918/k/p/kp0129493.png,ROMPECABEZAS_RAVENSBURGER,ROMPECABEZAS RAVENSBURGER,ROMPECABEZAS_1000_ PIEZAS,ROMPECABEZAS 1000 PIEZAS,,199
KP0129492,Clima Místico Con Arco Iris 1000 Piezas,https://kasperle.com/pub/media/catalog/product/cache/74065a48b7c18593802a7368e0670e29/k/p/kp0129492.png,ROMPECABEZAS_RAVENSBURGER,ROMPECABEZAS RAVENSBURGER,ROMPECABEZAS_1000_ PIEZAS,ROMPECABEZAS 1000 PIEZAS,,199
KP0129491,Coliseo En Roma 1000 Piezas,https://kasperle.com/pub/media/catalog/product/cache/68f04983fc2a2eb1e06618249c3a9918/k/p/kp0129491.png,ROMPECABEZAS_RAVENSBURGER,ROMPECABEZAS RAVENSBURGER,ROMPECABEZAS_1000_ PIEZAS,ROMPECABEZAS 1000 PIEZAS,,199
KP0129490,Friul-Venecia Julia 1000 Piezas,https://kasperle.com/pub/media/catalog/product/cache/68f04983fc2a2eb1e06618249c3a9918/k/p/kp0129490.png,ROMPECABEZAS_RAVENSBURGER,ROMPECABEZAS RAVENSBURGER,ROMPECABEZAS_1000_ PIEZAS,ROMPECABEZAS 1000 PIEZAS,,199
KP0129489,Mis Gatitos 1000 Piezas,https://kasperle.com/pub/media/catalog/product/cache/74065a48b7c18593802a7368e0670e29/k/p/kp0129489.png,ROMPECABEZAS_RAVENSBURGER,ROMPECABEZAS RAVENSBURGER,ROMPECABEZAS_1000_ PIEZAS,ROMPECABEZAS 1000 PIEZAS,,199
KP0129429,Lamborghini 1000 Piezas,https://kasperle.com/pub/media/catalog/product/cache/68f04983fc2a2eb1e06618249c3a9918/k/p/kp0129429.png,ROMPECABEZAS_RAVENSBURGER,ROMPECABEZAS RAVENSBURGER,ROMPECABEZAS_1000_ PIEZAS,ROMPECABEZAS 1000 PIEZAS,,199
KP0129427,Salvador Dal: Cisnes Que Se Reflejan Como Elefantes 1000 Piezas,https://kasperle.com/pub/media/catalog/product/cache/68f04983fc2a2eb1e06618249c3a9918/k/p/kp0129427.png,ROMPECABEZAS_RAVENSBURGER,ROMPECABEZAS RAVENSBURGER,ROMPECABEZAS_1000_ PIEZAS,ROMPECABEZAS 1000 PIEZAS,,199
KP0129426,Roy Lichtenstein: En El Vehiculo 1000 Piezas,https://kasperle.com/pub/media/catalog/product/cache/68f04983fc2a2eb1e06618249c3a9918/k/p/kp0129426.png,ROMPECABEZAS_RAVENSBURGER,ROMPECABEZAS RAVENSBURGER,ROMPECABEZAS_1000_ PIEZAS,ROMPECABEZAS 1000 PIEZAS,,199
KP0129425,Miró 1000 Piezas,https://kasperle.com/pub/media/catalog/product/cache/68f04983fc2a2eb1e06618249c3a9918/k/p/kp0129425.png,ROMPECABEZAS_RAVENSBURGER,ROMPECABEZAS RAVENSBURGER,ROMPECABEZAS_1000_ PIEZAS,ROMPECABEZAS 1000 PIEZAS,,199
KP0129423,Árbol De La Vida Gustav Klimt 1000 Piezas,https://kasperle.com/pub/media/catalog/product/cache/68f04983fc2a2eb1e06618249c3a9918/k/p/kp0129423.png,ROMPECABEZAS_RAVENSBURGER,ROMPECABEZAS RAVENSBURGER,ROMPECABEZAS_1000_ PIEZAS,ROMPECABEZAS 1000 PIEZAS,,199
KP0129476,Atardecer Sobre Amrum 1000 Piezas,https://kasperle.com/pub/media/catalog/product/cache/68f04983fc2a2eb1e06618249c3a9918/k/p/kp0129476.png,ROMPECABEZAS_RAVENSBURGER,ROMPECABEZAS RAVENSBURGER,ROMPECABEZAS_1000_ PIEZAS,ROMPECABEZAS 1000 PIEZAS,,199
KP0129422,Gran Ola Frente A Kanagawa 1000 Piezas,https://kasperle.com/pub/media/catalog/product/cache/68f04983fc2a2eb1e06618249c3a9918/k/p/kp0129422.png,ROMPECABEZAS_RAVENSBURGER,ROMPECABEZAS RAVENSBURGER,ROMPECABEZAS_1000_ PIEZAS,ROMPECABEZAS 1000 PIEZAS,,199
KP0129417,Van Gogh: Girasoles 1000 Piezas,https://kasperle.com/pub/media/catalog/product/cache/68f04983fc2a2eb1e06618249c3a9918/k/p/kp0129417_1.png,ROMPECABEZAS_RAVENSBURGER,ROMPECABEZAS RAVENSBURGER,ROMPECABEZAS_1000_ PIEZAS,ROMPECABEZAS 1000 PIEZAS,,199
KP0129416,Botticelli: El Nacimiento De Venus 1000 Piezas,https://kasperle.com/pub/media/catalog/product/cache/68f04983fc2a2eb1e06618249c3a9918/k/p/kp0129416.png,ROMPECABEZAS_RAVENSBURGER,ROMPECABEZAS RAVENSBURGER,ROMPECABEZAS_1000_ PIEZAS,ROMPECABEZAS 1000 PIEZAS,,199
KP0129415,Edvard Munch: El Grito 1000 Piezas,https://kasperle.com/pub/media/catalog/product/cache/68f04983fc2a2eb1e06618249c3a9918/k/p/kp0129415.png,ROMPECABEZAS_RAVENSBURGER,ROMPECABEZAS RAVENSBURGER,ROMPECABEZAS_1000_ PIEZAS,ROMPECABEZAS 1000 PIEZAS,,199
KP0129470,El Palacio 1000 Piezas,https://kasperle.com/pub/media/catalog/product/cache/68f04983fc2a2eb1e06618249c3a9918/k/p/kp0129492.png,ROMPECABEZAS_RAVENSBURGER,ROMPECABEZAS RAVENSBURGER,ROMPECABEZAS_1000_ PIEZAS,ROMPECABEZAS 1000 PIEZAS,,199
KP0129469,Islas Bellas Monte Bromo 1000 Piezas,https://kasperle.com/pub/media/catalog/product/cache/68f04983fc2a2eb1e06618249c3a9918/k/p/kp0129469.png,ROMPECABEZAS_RAVENSBURGER,ROMPECABEZAS RAVENSBURGER,ROMPECABEZAS_1000_ PIEZAS,ROMPECABEZAS 1000 PIEZAS,,199
KP0129468,Vista Superior De Las Islas Bellas 1000 Piezas,https://kasperle.com/pub/media/catalog/product/cache/68f04983fc2a2eb1e06618249c3a9918/k/p/kp0129468.png,ROMPECABEZAS_RAVENSBURGER,ROMPECABEZAS RAVENSBURGER,ROMPECABEZAS_1000_ PIEZAS,ROMPECABEZAS 1000 PIEZAS,,199
KP0129467,Hermosas Islas Seychelles 1000 Piezas,https://kasperle.com/pub/media/catalog/product/cache/68f04983fc2a2eb1e06618249c3a9918/k/p/kp0129467.png,ROMPECABEZAS_RAVENSBURGER,ROMPECABEZAS RAVENSBURGER,ROMPECABEZAS_1000_ PIEZAS,ROMPECABEZAS 1000 PIEZAS,,199
KP0129466,Cañón De Zion Estados Unidos 1000 Piezas,https://kasperle.com/pub/media/catalog/product/cache/68f04983fc2a2eb1e06618249c3a9918/k/p/kp0129466.png,ROMPECABEZAS_RAVENSBURGER,ROMPECABEZAS RAVENSBURGER,ROMPECABEZAS_1000_ PIEZAS,ROMPECABEZAS 1000 PIEZAS,,199
KP0129465,Copenhague Dinamarca 1000 Piezas,https://kasperle.com/pub/media/catalog/product/cache/68f04983fc2a2eb1e06618249c3a9918/k/p/kp0129465.png,ROMPECABEZAS_RAVENSBURGER,ROMPECABEZAS RAVENSBURGER,ROMPECABEZAS_1000_ PIEZAS,ROMPECABEZAS 1000 PIEZAS,,199
KP0129461,"Castillo De Neuschwanstein, Baviera 1000 Piezas",https://kasperle.com/pub/media/catalog/product/cache/68f04983fc2a2eb1e06618249c3a9918/k/p/kp0129461.png,ROMPECABEZAS_RAVENSBURGER,ROMPECABEZAS RAVENSBURGER,ROMPECABEZAS_1000_ PIEZAS,ROMPECABEZAS 1000 PIEZAS,,199
KP0129460,Sol Sobre Islandia 1000 Piezas,https://kasperle.com/pub/media/catalog/product/cache/68f04983fc2a2eb1e06618249c3a9918/k/p/kp0129460.png,ROMPECABEZAS_RAVENSBURGER,ROMPECABEZAS RAVENSBURGER,ROMPECABEZAS_1000_ PIEZAS,ROMPECABEZAS 1000 PIEZAS,,199
KP0129413,La Noche Estrellada De Van Gogh 1000 Piezas,https://kasperle.com/pub/media/catalog/product/cache/68f04983fc2a2eb1e06618249c3a9918/k/p/kp0129413.png,ROMPECABEZAS_RAVENSBURGER,ROMPECABEZAS RAVENSBURGER,ROMPECABEZAS_1000_ PIEZAS,ROMPECABEZAS 1000 PIEZAS,,199
KP0129412,La Virgen De Gustav Klimt 1000 Piezas,https://kasperle.com/pub/media/catalog/product/cache/68f04983fc2a2eb1e06618249c3a9918/k/p/kp0129412.png,ROMPECABEZAS_RAVENSBURGER,ROMPECABEZAS RAVENSBURGER,ROMPECABEZAS_1000_ PIEZAS,ROMPECABEZAS 1000 PIEZAS,,199
KP0129411,Ángeles De La Madonna Sixtina 1000 Piezas,https://kasperle.com/pub/media/catalog/product/cache/68f04983fc2a2eb1e06618249c3a9918/k/p/kp0129411.png,ROMPECABEZAS_RAVENSBURGER,ROMPECABEZAS RAVENSBURGER,ROMPECABEZAS_1000_ PIEZAS,ROMPECABEZAS 1000 PIEZAS,,199
KP0129459,Coliseo En El Resplandor 1000 Piezas,https://kasperle.com/pub/media/catalog/product/cache/68f04983fc2a2eb1e06618249c3a9918/k/p/kp0129459.png,ROMPECABEZAS_RAVENSBURGER,ROMPECABEZAS RAVENSBURGER,ROMPECABEZAS_1000_ PIEZAS,ROMPECABEZAS 1000 PIEZAS,,199
KP0129458,España Mediterránea 1000 Piezas,https://kasperle.com/pub/media/catalog/product/cache/68f04983fc2a2eb1e06618249c3a9918/k/p/kp0129458.png,ROMPECABEZAS_RAVENSBURGER,ROMPECABEZAS RAVENSBURGER,ROMPECABEZAS_1000_ PIEZAS,ROMPECABEZAS 1000 PIEZAS,,199
KP0129457,Italia Mediterránea 1000 Piezas,https://kasperle.com/pub/media/catalog/product/cache/68f04983fc2a2eb1e06618249c3a9918/k/p/kp0129457.png,ROMPECABEZAS_RAVENSBURGER,ROMPECABEZAS RAVENSBURGER,ROMPECABEZAS_1000_ PIEZAS,ROMPECABEZAS 1000 PIEZAS,,199
KP0129410,El Beso De Hayez 1000 Piezas,https://kasperle.com/pub/media/catalog/product/cache/68f04983fc2a2eb1e06618249c3a9918/k/p/kp0129410.png,ROMPECABEZAS_RAVENSBURGER,ROMPECABEZAS RAVENSBURGER,ROMPECABEZAS_1000_ PIEZAS,ROMPECABEZAS 1000 PIEZAS,,199
KP0129409,Van Gogh: Caffe De Noche 1000 Piezas,https://kasperle.com/pub/media/catalog/product/cache/68f04983fc2a2eb1e06618249c3a9918/k/p/kp0129409.png,ROMPECABEZAS_RAVENSBURGER,ROMPECABEZAS RAVENSBURGER,ROMPECABEZAS_1000_ PIEZAS,ROMPECABEZAS 1000 PIEZAS,,199
KP0129408,Leonardo Vinci Mona Lisa 1000 Piezas,https://kasperle.com/pub/media/catalog/product/cache/68f04983fc2a2eb1e06618249c3a9918/k/p/kp0129408.png,ROMPECABEZAS_RAVENSBURGER,ROMPECABEZAS RAVENSBURGER,ROMPECABEZAS_1000_ PIEZAS,ROMPECABEZAS 1000 PIEZAS,,199
KP0129407,Romance De Venecia 1000 Piezas,https://kasperle.com/pub/media/catalog/product/cache/68f04983fc2a2eb1e06618249c3a9918/k/p/kp0129407.png,ROMPECABEZAS_RAVENSBURGER,ROMPECABEZAS RAVENSBURGER,ROMPECABEZAS_1000_ PIEZAS,ROMPECABEZAS 1000 PIEZAS,,199
KP0129406,Ayers Rock In Australien 1000 Piezas,https://kasperle.com/pub/media/catalog/product/cache/68f04983fc2a2eb1e06618249c3a9918/k/p/kp0129406.png,ROMPECABEZAS_RAVENSBURGER,ROMPECABEZAS RAVENSBURGER,ROMPECABEZAS_1000_ PIEZAS,ROMPECABEZAS 1000 PIEZAS,,199
KP0129456,París 1000 Piezas,https://kasperle.com/pub/media/catalog/product/cache/68f04983fc2a2eb1e06618249c3a9918/k/p/kp0129456.png,ROMPECABEZAS_RAVENSBURGER,ROMPECABEZAS RAVENSBURGER,ROMPECABEZAS_1000_ PIEZAS,ROMPECABEZAS 1000 PIEZAS,,199
KP0129455,Nueva York 1000 Piezas,https://kasperle.com/pub/media/catalog/product/cache/68f04983fc2a2eb1e06618249c3a9918/k/p/kp0129455.png,ROMPECABEZAS_RAVENSBURGER,ROMPECABEZAS RAVENSBURGER,ROMPECABEZAS_1000_ PIEZAS,ROMPECABEZAS 1000 PIEZAS,,199
KP0129454,Londres 1000 Piezas,https://kasperle.com/pub/media/catalog/product/cache/68f04983fc2a2eb1e06618249c3a9918/k/p/kp0129454.png,ROMPECABEZAS_RAVENSBURGER,ROMPECABEZAS RAVENSBURGER,ROMPECABEZAS_1000_ PIEZAS,ROMPECABEZAS 1000 PIEZAS,,199
KP0129453,Roma 1000 Piezas,https://kasperle.com/pub/media/catalog/product/cache/68f04983fc2a2eb1e06618249c3a9918/k/p/kp0129455.png,ROMPECABEZAS_RAVENSBURGER,ROMPECABEZAS RAVENSBURGER,ROMPECABEZAS_1000_ PIEZAS,ROMPECABEZAS 1000 PIEZAS,,199
KP0129452,Tres Rocas En Cheow Tailandia 1000 Piezas,https://kasperle.com/pub/media/catalog/product/cache/68f04983fc2a2eb1e06618249c3a9918/k/p/kp0129452_1.png,ROMPECABEZAS_RAVENSBURGER,ROMPECABEZAS RAVENSBURGER,ROMPECABEZAS_1000_ PIEZAS,ROMPECABEZAS 1000 PIEZAS,,199
KP0129449,Dama Klimt Con Abanico 1000 Piezas,https://kasperle.com/pub/media/catalog/product/cache/68f04983fc2a2eb1e06618249c3a9918/k/p/kp0129449.png,ROMPECABEZAS_RAVENSBURGER,ROMPECABEZAS RAVENSBURGER,ROMPECABEZAS_1000_ PIEZAS,ROMPECABEZAS 1000 PIEZAS,,199
KP0129448,Hora De Daigo Residencia Japón 1000 Piezas,https://kasperle.com/pub/media/catalog/product/cache/68f04983fc2a2eb1e06618249c3a9918/k/p/kp0129449.png,ROMPECABEZAS_RAVENSBURGER,ROMPECABEZAS RAVENSBURGER,ROMPECABEZAS_1000_ PIEZAS,ROMPECABEZAS 1000 PIEZAS,,199
KP0129441,Joya De Dolomita 1000 Piezas,https://kasperle.com/pub/media/catalog/product/cache/68f04983fc2a2eb1e06618249c3a9918/k/p/kp0129441.png,ROMPECABEZAS_RAVENSBURGER,ROMPECABEZAS RAVENSBURGER,ROMPECABEZAS_1000_ PIEZAS,ROMPECABEZAS 1000 PIEZAS,,199
KP0129440,Bergen Noruega 1000 Piezas,https://kasperle.com/pub/media/catalog/product/cache/68f04983fc2a2eb1e06618249c3a9918/k/p/kp0129440.png,ROMPECABEZAS_RAVENSBURGER,ROMPECABEZAS RAVENSBURGER,ROMPECABEZAS_1000_ PIEZAS,ROMPECABEZAS 1000 PIEZAS,,199
KP0129439,Gran Nueva York 1000 Piezas,https://kasperle.com/pub/media/catalog/product/cache/68f04983fc2a2eb1e06618249c3a9918/k/p/kp0129439.png,ROMPECABEZAS_RAVENSBURGER,ROMPECABEZAS RAVENSBURGER,ROMPECABEZAS_1000_ PIEZAS,ROMPECABEZAS 1000 PIEZAS,,199
KP0129438,Noche En Santorini 1000 Piezas,https://kasperle.com/pub/media/catalog/product/cache/68f04983fc2a2eb1e06618249c3a9918/k/p/kp0129438.png,ROMPECABEZAS_RAVENSBURGER,ROMPECABEZAS RAVENSBURGER,ROMPECABEZAS_1000_ PIEZAS,ROMPECABEZAS 1000 PIEZAS,,199
KP0129436,Otoño En Venecia 1000 Piezas,https://kasperle.com/pub/media/catalog/product/cache/74065a48b7c18593802a7368e0670e29/k/p/kp0129436.png,ROMPECABEZAS_RAVENSBURGER,ROMPECABEZAS RAVENSBURGER,ROMPECABEZAS_1000_ PIEZAS,ROMPECABEZAS 1000 PIEZAS,,199
KP0129431,Lago Italia 500 Piezas,https://kasperle.com/pub/media/catalog/product/cache/68f04983fc2a2eb1e06618249c3a9918/k/p/kp0129431.png,ROMPECABEZAS_RAVENSBURGER,ROMPECABEZAS RAVENSBURGER,ROMPECABEZAS_500_ PIEZAS,ROMPECABEZAS 500 PIEZAS,,179
KP0129430,Tour A Pie Por París 500 Piezas,https://kasperle.com/pub/media/catalog/product/cache/68f04983fc2a2eb1e06618249c3a9918/k/p/kp0129430.png,ROMPECABEZAS_RAVENSBURGER,ROMPECABEZAS RAVENSBURGER,ROMPECABEZAS_500_ PIEZAS,ROMPECABEZAS 500 PIEZAS,,179
KP0129424,Ambiente Nocturno En París 500 Piezas,https://kasperle.com/pub/media/catalog/product/cache/74065a48b7c18593802a7368e0670e29/k/p/kp0129424.png,ROMPECABEZAS_RAVENSBURGER,ROMPECABEZAS RAVENSBURGER,ROMPECABEZAS_500_ PIEZAS,ROMPECABEZAS 500 PIEZAS,,179
KP0129446,Atardecer En Copenhague 500 Piezas,https://kasperle.com/pub/media/catalog/product/cache/68f04983fc2a2eb1e06618249c3a9918/k/p/kp0129446.png,ROMPECABEZAS_RAVENSBURGER,ROMPECABEZAS RAVENSBURGER,ROMPECABEZAS_500_ PIEZAS,ROMPECABEZAS 500 PIEZAS,,179
KP0129445,Aurora Boreal Sobre Bergsfjord 500 Piezas,https://kasperle.com/pub/media/catalog/product/cache/68f04983fc2a2eb1e06618249c3a9918/k/p/kp0129445.png,ROMPECABEZAS_RAVENSBURGER,ROMPECABEZAS RAVENSBURGER,ROMPECABEZAS_500_ PIEZAS,ROMPECABEZAS 500 PIEZAS,,179
KP0129442,Altramuces 500 Piezas,https://kasperle.com/pub/media/catalog/product/cache/68f04983fc2a2eb1e06618249c3a9918/k/p/kp0129442.png,ROMPECABEZAS_RAVENSBURGER,ROMPECABEZAS RAVENSBURGER,ROMPECABEZAS_500_ PIEZAS,ROMPECABEZAS 500 PIEZAS,,179
DM8435497290740,HARRY POTTER LEÓN DE GRYFFINDOR 332 PIEZAS,https://demuseo.com/wp-content/uploads/2025/06/1520-1-14.jpg,ROMPECABEZAS_HARRY_POTTER,ROMPECABEZAS HARRY POTTER,ROMPECABEZAS_HARRY_POTTER,ROMPECABEZAS HARRY POTTER,,229
DM8435497290771,HARRY POTTER Y LA PIEDRA FILOSOFAL 500 PIEZAS,https://demuseo.com/wp-content/uploads/2024/12/139599.jpg,ROMPECABEZAS_HARRY_POTTER,ROMPECABEZAS HARRY POTTER,ROMPECABEZAS_HARRY_POTTER,ROMPECABEZAS HARRY POTTER,,199
DM8435497290788,HARRY POTTER Y LA CAMARA SECRETA 500 PIEZAS,https://demuseo.com/wp-content/uploads/2024/12/139600.jpg,ROMPECABEZAS_HARRY_POTTER,ROMPECABEZAS HARRY POTTER,ROMPECABEZAS_HARRY_POTTER,ROMPECABEZAS HARRY POTTER,,199
DM5900511295009,"PANORAMA LOFOTEN ARCHIPELAGO, NORWAY 500 PIEZAS",https://demuseo.com/wp-content/uploads/2023/03/130721.webp,ROMPECABEZAS_TREFL,ROMPECABEZAS TREFL,ROMPECABEZAS_TREFL_500,ROMPECABEZAS TREFL 500,,149
DM5900511295030,"PANORAMA ACROPOLIS, ATHENS 500 PIEZAS",https://demuseo.com/wp-content/uploads/2023/03/116698.webp,ROMPECABEZAS_TREFL,ROMPECABEZAS TREFL,ROMPECABEZAS_TREFL_500,ROMPECABEZAS TREFL 500,,149
DM5900511295078,"PANORAMA BIG BEN AND PALACE OF WESTMINSTER, LONDON 500 PIEZAS",https://demuseo.com/wp-content/uploads/2023/03/130722.webp,ROMPECABEZAS_TREFL,ROMPECABEZAS TREFL,ROMPECABEZAS_TREFL_500,ROMPECABEZAS TREFL 500,,149
DM5900511373783,DOGS 500 PIEZAS,https://demuseo.com/wp-content/uploads/2023/03/130734.webp,ROMPECABEZAS_TREFL,ROMPECABEZAS TREFL,ROMPECABEZAS_TREFL_500,ROMPECABEZAS TREFL 500,,149
DM5900511373981,"RIALTO BRIDGE, VENICE 500 PIEZAS",https://demuseo.com/wp-content/uploads/2023/03/130737.webp,ROMPECABEZAS_TREFL,ROMPECABEZAS TREFL,ROMPECABEZAS_TREFL_500,ROMPECABEZAS TREFL 500,,149
DM5900511295016,PANORAMA PIAZZA NAVONA 500 PIEZAS,https://demuseo.com/wp-content/uploads/2023/03/116701.webp,ROMPECABEZAS_TREFL,ROMPECABEZAS TREFL,ROMPECABEZAS_TREFL_500,ROMPECABEZAS TREFL 500,,149
DM5900511290332,PANORAMA MANHATTAN 1000 PIEZAS,https://demuseo.com/wp-content/uploads/2023/03/130719.webp,ROMPECABEZAS_TREFL,ROMPECABEZAS TREFL,ROMPECABEZAS_TREFL_1000,ROMPECABEZAS TREFL 1000,,149
DM5900511373790,MOUNTAIN TRAIN 500 PIEZAS,https://demuseo.com/wp-content/uploads/2023/03/116696.webp,ROMPECABEZAS_TREFL,ROMPECABEZAS TREFL,ROMPECABEZAS_TREFL_500,ROMPECABEZAS TREFL 500,,149
DM5900511290387,PANORAMA PASSO DI GIAU 1000 PIEZAS,https://demuseo.com/wp-content/uploads/2023/03/116655.webp,ROMPECABEZAS_TREFL,ROMPECABEZAS TREFL,ROMPECABEZAS_TREFL_1000,ROMPECABEZAS TREFL 1000,,179
DM5900511295061,PANORAMA KOTOR 500 PIEZAS,https://demuseo.com/wp-content/uploads/2023/03/116700.webp,ROMPECABEZAS_TREFL,ROMPECABEZAS TREFL,ROMPECABEZAS_TREFL_500,ROMPECABEZAS TREFL 500,,149
DM5900511290301,PANORAMA COLOSSEUM AT DAWN 1000 PIEZAS,https://demuseo.com/wp-content/uploads/2023/03/89965.webp,ROMPECABEZAS_TREFL,ROMPECABEZAS TREFL,ROMPECABEZAS_TREFL_1000,ROMPECABEZAS TREFL 1000,,179
DM5900511290356,PANORAMA BY THE SCHLIERSEE LAKE 1000 PIEZAS,https://demuseo.com/wp-content/uploads/2023/03/96672.webp,ROMPECABEZAS_TREFL,ROMPECABEZAS TREFL,ROMPECABEZAS_TREFL_1000,ROMPECABEZAS TREFL 1000,,179
DM5900511903904,10 IN 1 MEET ALL THE DINOSAURS ( INCLUYE 10 ROMPECABEZAS),https://demuseo.com/wp-content/uploads/2023/03/130748.webp,ROMPECABEZAS_TREFL,ROMPECABEZAS TREFL,ROMPECABEZAS_TREFL_NIÑOS,ROMPECABEZAS TREFL NIÑOS,,199
DM5900511261998,TRAVELING AROUND THE EUROPE 1500 PIEZAS,https://demuseo.com/wp-content/uploads/2023/03/130706.webp,ROMPECABEZAS_TREFL,ROMPECABEZAS TREFL,ROMPECABEZAS_TREFL_1500,ROMPECABEZAS TREFL 1500,,219
DM5900511270945,LIGHTS OF DUBAI 2000 PIEZAS,https://demuseo.com/wp-content/uploads/2023/03/130707.webp,ROMPECABEZAS_TREFL,ROMPECABEZAS TREFL,ROMPECABEZAS_TREFL_2000,ROMPECABEZAS TREFL 2000,,249
DM5900511271140,"ROVINJ, CROATIA 2000 PIEZAS",https://demuseo.com/wp-content/uploads/2023/03/130711.webp,ROMPECABEZAS_TREFL,ROMPECABEZAS TREFL,ROMPECABEZAS_TREFL_2000,ROMPECABEZAS TREFL 2000,,249
DM5900511261905,"CITYSCAPE: URBAN REFLECTION, PERTH, AUSTRALIA 1500 PIEZAS",https://demuseo.com/wp-content/uploads/2023/03/130699.webp,ROMPECABEZAS_TREFL,ROMPECABEZAS TREFL,ROMPECABEZAS_TREFL_1500,ROMPECABEZAS TREFL 1500,,219
DM5900511261912,AERIAL MINDBLOW: AT THE END OF THE ROAD 1500 PIEZAS,https://demuseo.com/wp-content/uploads/2023/03/130700.webp,ROMPECABEZAS_TREFL,ROMPECABEZAS TREFL,ROMPECABEZAS_TREFL_1500,ROMPECABEZAS TREFL 1500,,219
DM5900511261929,AERIAL MINDBLOW: WAITING FOR HIGH TIDE 1500 PIEZAS ,https://demuseo.com/wp-content/uploads/2023/03/130701.webp,ROMPECABEZAS_TREFL,ROMPECABEZAS TREFL,ROMPECABEZAS_TREFL_1500,ROMPECABEZAS TREFL 1500,,219
DM5900511261950,"ROMANTIC SUNSET: OIA, SANTORINI 1500 PIEZAS",https://demuseo.com/wp-content/uploads/2023/03/130704.webp,ROMPECABEZAS_TREFL,ROMPECABEZAS TREFL,ROMPECABEZAS_TREFL_1500,ROMPECABEZAS TREFL 1500,,219
DM5900511107241,"LAS LAJAS SANCTUARY, COLOMBIA 1000 PIEZAS",https://demuseo.com/wp-content/uploads/2023/03/130667.webp,ROMPECABEZAS_TREFL,ROMPECABEZAS TREFL,ROMPECABEZAS_TREFL_1000,ROMPECABEZAS TREFL 1000,,179
DM5900511261592,TWO TIGERS 1500 PIEZAS,https://demuseo.com/wp-content/uploads/2023/03/130692.webp,ROMPECABEZAS_TREFL,ROMPECABEZAS TREFL,ROMPECABEZAS_TREFL_1500,ROMPECABEZAS TREFL 1500,,219
DM5900511261677,"MORSKIE OKO LAKE, TATRAS, POLAND 1500 PIEZAS",https://demuseo.com/wp-content/uploads/2023/03/130695.webp,ROMPECABEZAS_TREFL,ROMPECABEZAS TREFL,ROMPECABEZAS_TREFL_1500,ROMPECABEZAS TREFL 1500,,219
DM5900511107043,"PARADISE BEACH, BORABORA 1000 PIEZAS",https://demuseo.com/wp-content/uploads/2023/03/130667.webp,ROMPECABEZAS_TREFL,ROMPECABEZAS TREFL,ROMPECABEZAS_TREFL_1000,ROMPECABEZAS TREFL 1000,,249
DM5900511106961,SUMMER EVENING 1000 PIEZAS,https://demuseo.com/wp-content/uploads/2023/03/130650.webp,ROMPECABEZAS_TREFL,ROMPECABEZAS TREFL,ROMPECABEZAS_TREFL_1000,ROMPECABEZAS TREFL 1000,,199
DM5900511106992,DOGGY PEEKERS 1000 PIEZAS,https://demuseo.com/wp-content/uploads/2023/03/130652.webp,ROMPECABEZAS_TREFL,ROMPECABEZAS TREFL,ROMPECABEZAS_TREFL_1000,ROMPECABEZAS TREFL 1000,,199
DM5900511107005,CUBIC GRADIENT 1000 PIEZAS,https://demuseo.com/wp-content/uploads/2023/03/130653.webp,ROMPECABEZAS_TREFL,ROMPECABEZAS TREFL,ROMPECABEZAS_TREFL_1000,ROMPECABEZAS TREFL 1000,,199
DM5900511290349,"PANORAMA GRONINGEN, NETHERLANDS 1000 PIEZAS",https://demuseo.com/wp-content/uploads/2023/03/116654.webp,ROMPECABEZAS_TREFL,ROMPECABEZAS TREFL,ROMPECABEZAS_TREFL_500,ROMPECABEZAS TREFL 500,,179
DM5900511348545,3 IN 1 LOVELY DOGS (3 ROMPECABEZAS),https://demuseo.com/wp-content/uploads/2023/03/130730.webp,ROMPECABEZAS_TREFL,ROMPECABEZAS TREFL,ROMPECABEZAS_TREFL_NIÑOS,ROMPECABEZAS TREFL NIÑOS,,149
DM5900511107210,"CHONGQPING, CHINA 1000 PIEZAS",https://demuseo.com/wp-content/uploads/2023/03/130664.webp,ROMPECABEZAS_TREFL,ROMPECABEZAS TREFL,ROMPECABEZAS_TREFL_1000,ROMPECABEZAS TREFL 1000,,199
DM819844012175,GOBLET OF FIRE,https://demuseo.com/wp-content/uploads/2021/10/107426.jpg,ROMPECABEZAS_HARRY_POTTER,ROMPECABEZAS HARRY POTTER,ROMPECABEZAS_HARRY_POTTER,ROMPECABEZAS HARRY POTTER,,249
DM8412668190221,MARAVILLAS DEL MUNDO,https://demuseo.com/wp-content/uploads/2022/01/122363.jpg,ROMPECABEZAS_EDUCA,ROMPECABEZAS EDUCA,ROMPECABEZAS_EDUCA_1000,ROMPECABEZAS EDUCA 1000,,219
DM8412668190252,UNICORNS ON THE BEACH,https://demuseo.com/wp-content/uploads/2022/01/122366.jpg,ROMPECABEZAS_EDUCA,ROMPECABEZAS EDUCA,ROMPECABEZAS_EDUCA_1000,ROMPECABEZAS EDUCA 1000,,219
DM5900511104455,FAIRYTALE SANTORINI 1000 PIEZAS,https://demuseo.com/wp-content/uploads/2023/03/96655.webp,ROMPECABEZAS_TREFL,ROMPECABEZAS TREFL,ROMPECABEZAS_TREFL_1000,ROMPECABEZAS TREFL 1000,,199
DM5900511104363,THE MELAGAVI LIGHTHOUSE,https://demuseo.com/wp-content/uploads/2023/03/130626.webp,ROMPECABEZAS_TREFL,ROMPECABEZAS TREFL,ROMPECABEZAS_TREFL_1000,ROMPECABEZAS TREFL 1000,,199
DM5900511107227,"GOLDEN GATE BRIDGE, SAN FRANCISCO, USA",https://demuseo.com/wp-content/uploads/2023/03/130665.webp,ROMPECABEZAS_TREFL,ROMPECABEZAS TREFL,ROMPECABEZAS_TREFL_1000,ROMPECABEZAS TREFL 1000,,199
DM5900511104424,AFRICAN ELEPHANTS 1000 PIEZAS,https://demuseo.com/wp-content/uploads/2023/03/96653.webp,ROMPECABEZAS_TREFL,ROMPECABEZAS TREFL,ROMPECABEZAS_TREFL_1000,ROMPECABEZAS TREFL 1000,,199
DM4001689298647,JOLLY PETS DEVOTED 2 CATS,https://demuseo.com/wp-content/uploads/2021/07/116841.jpg,ROMPECABEZAS_HEYE,ROMPECABEZAS HEYE,ROMPECABEZAS_HEYE_1000,ROMPECABEZAS HEYE 1000,,209
DM4001689299071,FREE COLOURS MINI UNICORN 1000 PIEZAS,https://demuseo.com/wp-content/uploads/2021/07/118549.jpg,ROMPECABEZAS_HEYE,ROMPECABEZAS HEYE,ROMPECABEZAS_HEYE_1000,ROMPECABEZAS HEYE 1000,,209
DM4001689298128,ZOZOVILLE NEIGHBOURHOOD 1000 PIEZAS,https://demuseo.com/wp-content/uploads/2021/07/104355.jpg,ROMPECABEZAS_HEYE,ROMPECABEZAS HEYE,ROMPECABEZAS_HEYE_1000,ROMPECABEZAS HEYE 1000,,209
DM4001689299217,DEGANO ELEPHANTS LIFE 1000 PIEZAS,https://demuseo.com/wp-content/uploads/2021/07/116853.jpg,ROMPECABEZAS_HEYE,ROMPECABEZAS HEYE,ROMPECABEZAS_HEYE_1000,ROMPECABEZAS HEYE 1000,,229
